측정일시,미세먼지(㎍/㎥),초미세먼지(㎍/㎥)
20180101,44.17142857142857,20.08108108108108
20180102,43.37837837837838,21.54054054054054
20180103,36.89473684210526,17.842105263157894
20180104,47.6578947368421,23.94736842105263
20180105,60.23684210526316,34.973684210526315
20180106,50.44736842105263,30.473684210526315
20180107,57.473684210526315,37.921052631578945
20180108,59.68421052631579,38.63157894736842
20180109,43.55263157894737,19.210526315789473
20180110,34.6578947368421,13.18421052631579
20180111,34.6578947368421,21.81578947368421
20180112,26.342105263157894,14.842105263157896
20180113,55.256410256410255,37.02564102564103
20180114,71.1025641025641,50.53846153846154
20180115,71.6923076923077,46.64102564102564
20180116,115.94871794871794,79.97435897435898
20180117,115.28205128205128,83.23076923076923
20180118,90.48717948717949,56.61538461538461
20180119,62.17948717948718,27.564102564102566
20180120,103.74358974358974,59.46153846153846
20180121,65.92307692307692,34.02564102564103
20180122,50.07692307692308,23.794871794871796
20180123,25.53846153846154,11.102564102564102
20180124,30.743589743589745,9.897435897435898
20180125,25.025641025641026,11.384615384615385
20180126,33.51282051282051,18.41025641025641
20180127,46.92307692307692,26.205128205128204
20180128,34.0,19.205128205128204
20180129,47.282051282051285,16.05128205128205
20180130,43.76923076923077,20.794871794871796
20180131,42.48717948717949,19.564102564102566
20180201,42.02564102564103,22.153846153846153
20180202,57.17948717948718,32.256410256410255
20180203,38.92307692307692,19.205128205128204
20180204,33.64102564102564,21.0
20180205,27.897435897435898,14.692307692307692
20180206,32.58974358974359,18.28205128205128
20180207,42.07692307692308,24.564102564102566
20180208,54.38461538461539,34.8974358974359
20180209,72.97435897435898,49.333333333333336
20180210,78.46153846153847,43.12820512820513
20180211,53.333333333333336,14.692307692307692
20180212,50.61538461538461,14.846153846153847
20180213,52.46153846153846,16.17948717948718
20180214,70.28205128205128,31.0
20180215,40.12820512820513,15.282051282051283
20180216,49.64102564102564,19.0
20180218,38.17948717948718,17.358974358974358
20180219,62.64102564102564,38.82051282051282
20180220,67.56410256410257,40.97435897435897
20180221,40.07692307692308,19.435897435897434
20180222,47.02564102564103,27.307692307692307
20180223,93.35897435897436,64.82051282051282
20180224,81.64864864864865,53.62162162162162
20180225,47.45945945945946,31.16216216216216
20180226,66.1891891891892,42.189189189189186
20180227,99.22222222222223,62.583333333333336
20180228,73.91666666666667,47.69444444444444
20180301,43.25,30.88888888888889
20180302,72.05555555555556,28.13888888888889
20180303,62.77777777777778,28.88888888888889
20180304,33.333333333333336,22.444444444444443
20180305,10.416666666666666,5.888888888888889
20180306,34.0,18.0
20180307,31.210526315789473,16.44736842105263
20180308,33.10526315789474,24.86842105263158
20180309,54.89473684210526,37.63157894736842
20180310,49.68421052631579,33.3421052631579
20180311,62.026315789473685,40.39473684210526
20180312,103.3157894736842,65.13157894736842
20180313,69.51282051282051,40.1025641025641
20180314,26.82051282051282,12.897435897435898
20180315,23.358974358974358,15.948717948717949
20180316,15.64102564102564,6.615384615384615
20180317,33.84615384615385,19.794871794871796
20180318,64.66666666666667,47.82051282051282
20180319,32.05128205128205,23.0
20180320,22.128205128205128,8.487179487179487
20180409,43.43589743589744,27.333333333333332
20180410,49.61538461538461,20.58974358974359
20180411,66.87179487179488,25.53846153846154
20180412,48.82051282051282,15.58974358974359
20180413,37.94871794871795,14.743589743589743
20180414,22.256410256410255,12.179487179487179
20180415,77.35897435897436,22.128205128205128
20180416,40.23076923076923,23.0
20180417,62.794871794871796,31.05128205128205
20180418,72.25641025641026,34.69230769230769
20180419,83.23076923076923,39.743589743589745
20180421,76.43589743589743,43.0
20180422,40.12820512820513,21.692307692307693
20180423,9.666666666666666,7.461538461538462
20180424,10.435897435897436,5.410256410256411
20180425,37.5,25.236842105263158
20180426,48.07692307692308,32.41025641025641
20180427,60.1025641025641,41.35897435897436
20180428,63.256410256410255,41.17948717948718
20180429,56.51282051282051,32.94871794871795
20180430,84.71794871794872,60.87179487179487
20180501,63.48717948717949,48.82051282051282
20180502,46.205128205128204,38.53846153846154
20180503,31.512820512820515,14.564102564102564
20180504,47.56410256410256,17.512820512820515
20180505,42.717948717948715,20.307692307692307
20180506,15.58974358974359,9.846153846153847
20180507,38.51282051282051,19.615384615384617
20180508,20.384615384615383,7.769230769230769
20180509,23.71794871794872,9.051282051282051
20180510,44.1025641025641,23.897435897435898
20180511,63.07692307692308,41.56410256410256
20180512,33.46153846153846,22.53846153846154
20180513,25.333333333333332,17.692307692307693
20180514,77.12820512820512,57.82051282051282
20180515,78.82051282051282,55.48717948717949
20180516,36.205128205128204,25.128205128205128
20180517,16.102564102564102,11.051282051282051
20180520,12.333333333333334,5.871794871794871
20180521,10.871794871794872,5.17948717948718
20180527,68.33333333333333,29.0
20180528,52.43589743589744,25.256410256410255
20180601,44.15384615384615,23.871794871794872
20180602,51.97435897435897,32.35897435897436
20180604,43.53846153846154,27.384615384615383
20180605,41.743589743589745,28.743589743589745
20180622,51.714285714285715,34.51428571428571
20180626,63.2,46.285714285714285
20180630,53.8235294117647,38.42857142857143
20180701,13.088235294117647,7.542857142857143
20180702,11.028571428571428,6.6
20180703,13.114285714285714,7.0
20180706,8.194444444444445,3.361111111111111
20180707,9.472222222222221,4.138888888888889
20180708,12.694444444444445,6.166666666666667
20180709,10.555555555555555,5.277777777777778
20180710,23.194444444444443,12.472222222222221
20180711,33.416666666666664,19.38888888888889
20180712,27.763157894736842,15.342105263157896
20180713,22.57894736842105,13.710526315789474
20180714,21.394736842105264,13.421052631578947
20180715,23.31578947368421,16.07894736842105
20180716,27.394736842105264,18.236842105263158
20180717,31.358974358974358,22.17948717948718
20180718,36.69230769230769,26.53846153846154
20180719,31.71794871794872,22.025641025641026
20180720,38.05128205128205,25.128205128205128
20180721,39.92307692307692,27.23076923076923
20180722,30.41025641025641,20.307692307692307
20180723,32.87179487179487,20.46153846153846
20180724,43.717948717948715,29.153846153846153
20180725,33.256410256410255,21.205128205128204
20180726,42.1578947368421,27.57894736842105
20180727,49.526315789473685,33.3421052631579
20180728,40.63157894736842,27.763157894736842
20180729,19.763157894736842,12.842105263157896
20180730,11.384615384615385,6.128205128205129
20180731,18.974358974358974,10.512820512820513
20180801,34.55263157894737,20.44736842105263
20180802,33.31578947368421,21.07894736842105
20180803,46.55263157894737,33.473684210526315
20180804,28.102564102564102,18.55263157894737
20180805,28.025641025641026,17.5
20180806,33.58974358974359,21.435897435897434
20180807,20.846153846153847,12.820512820512821
20180808,27.46153846153846,17.743589743589745
20180809,26.28205128205128,17.666666666666668
20180810,17.46153846153846,10.102564102564102
20180811,12.179487179487179,6.282051282051282
20180812,16.41025641025641,10.282051282051283
20180813,33.94871794871795,23.0
20180814,29.46153846153846,18.256410256410255
20180815,30.333333333333332,20.17948717948718
20180816,17.615384615384617,8.871794871794872
20180817,14.58974358974359,5.82051282051282
20180818,17.205128205128204,7.282051282051282
20180819,24.897435897435898,13.102564102564102
20180820,38.38461538461539,22.641025641025642
20180821,24.256410256410255,12.897435897435898
20180822,26.487179487179485,14.897435897435898
20180823,14.743589743589743,7.0256410256410255
20180824,9.820512820512821,4.794871794871795
20180825,25.23076923076923,12.76923076923077
20180826,18.871794871794872,11.128205128205128
20180827,10.897435897435898,5.897435897435898
20180828,11.846153846153847,5.794871794871795
20180829,15.461538461538462,7.487179487179487
20180830,28.794871794871796,18.17948717948718
20180831,25.615384615384617,14.794871794871796
20180901,20.333333333333332,10.256410256410257
20180902,14.384615384615385,6.82051282051282
20180903,17.153846153846153,8.897435897435898
20180904,18.512820512820515,9.0
20180905,28.31578947368421,10.947368421052632
20180906,37.13157894736842,19.473684210526315
20180907,27.86842105263158,13.552631578947368
20180908,25.63888888888889,10.722222222222221
20180909,22.88888888888889,10.833333333333334
20180910,13.36111111111111,5.305555555555555
20180911,14.444444444444445,5.918918918918919
20180912,17.25,7.472222222222222
20180913,19.805555555555557,8.722222222222221
20180914,20.055555555555557,10.25
20180915,14.083333333333334,7.055555555555555
20180916,38.97222222222222,25.944444444444443
20180917,29.47222222222222,15.694444444444445
20180918,37.77777777777778,18.11111111111111
20180919,41.5,20.805555555555557
20180920,16.857142857142858,10.257142857142858
20180921,9.083333333333334,4.513513513513513
20180922,33.138888888888886,12.055555555555555
20180923,29.77777777777778,10.694444444444445
20180924,14.416666666666666,5.833333333333333
20180925,14.722222222222221,6.972222222222222
20180926,8.833333333333334,4.75
20180927,10.055555555555555,4.833333333333333
20180928,14.542857142857143,6.514285714285714
20180929,16.885714285714286,8.4
20180930,21.62857142857143,10.571428571428571
20181001,17.705882352941178,8.470588235294118
20181002,26.457142857142856,13.657142857142857
20181003,28.17142857142857,15.542857142857143
20181004,23.4,12.82857142857143
20181005,11.457142857142857,7.685714285714286
20181006,6.914285714285715,3.6857142857142855
20181007,27.857142857142858,11.342857142857143
20181008,23.82857142857143,8.485714285714286
20181009,26.82857142857143,11.371428571428572
20181010,19.65714285714286,10.13888888888889
20181011,18.314285714285713,7.8
20181012,25.457142857142856,12.8
20181013,35.42857142857143,22.257142857142856
20181014,36.02857142857143,23.34285714285714
20181015,63.142857142857146,39.0
20181016,50.91428571428571,27.857142857142858
20181017,36.142857142857146,17.8
20181018,16.714285714285715,8.342857142857143
20181019,20.52777777777778,9.666666666666666
20181020,40.486486486486484,20.864864864864863
20181021,38.83783783783784,22.945945945945947
20181022,53.45945945945946,34.37837837837838
20181023,53.91891891891892,33.54054054054054
20181024,43.0,19.486486486486488
20181025,41.513513513513516,20.35135135135135
20181026,36.44736842105263,20.710526315789473
20181027,26.94736842105263,6.2368421052631575
20181028,15.052631578947368,8.236842105263158
20181029,18.2972972972973,8.27027027027027
20181030,22.2972972972973,10.72972972972973
20181031,22.972972972972972,12.27027027027027
20181101,36.567567567567565,19.91891891891892
20181102,44.714285714285715,26.452380952380953
20181103,54.642857142857146,35.30952380952381
20181104,45.666666666666664,31.11904761904762
20181105,60.04761904761905,39.214285714285715
20181106,103.04761904761905,71.97619047619048
20181107,66.21428571428571,48.642857142857146
20181108,9.857142857142858,6.357142857142857
20181109,41.627906976744185,24.86046511627907
20181110,73.4186046511628,47.72093023255814
20181111,69.0,44.325581395348834
20181112,32.56818181818182,17.25
20181113,42.95454545454545,24.613636363636363
20181114,36.79545454545455,22.681818181818183
20181115,50.93181818181818,34.09090909090909
20181116,58.22727272727273,40.61363636363637
20181117,32.54545454545455,18.568181818181817
20181118,37.674418604651166,22.90909090909091
20181119,58.86363636363637,33.25
20181120,47.0,18.681818181818183
20181121,35.04545454545455,17.59090909090909
20181122,22.454545454545453,9.568181818181818
20181123,25.15909090909091,12.136363636363637
20181124,23.204545454545453,15.318181818181818
20181125,46.80952380952381,34.93023255813954
20181126,64.68888888888888,43.333333333333336
20181127,120.08888888888889,53.53333333333333
20181128,122.77777777777777,22.355555555555554
20181129,78.02222222222223,21.466666666666665
20181130,63.977777777777774,22.511111111111113
20181201,48.111111111111114,23.4
20181202,49.333333333333336,24.68888888888889
20181203,41.44444444444444,22.733333333333334
20181204,35.71111111111111,17.2
20181205,28.644444444444446,11.733333333333333
20181206,38.6,17.2
20181207,22.288888888888888,8.177777777777777
20181208,24.11111111111111,8.568181818181818
20181209,23.022222222222222,10.444444444444445
20181210,36.266666666666666,18.644444444444446
20181211,41.91111111111111,23.31111111111111
20181212,45.46666666666667,22.822222222222223
20181213,39.55555555555556,23.955555555555556
20181214,33.391304347826086,18.195652173913043
20181215,56.23913043478261,37.5
20181216,52.69565217391305,39.45652173913044
20181217,74.56521739130434,48.869565217391305
20181218,46.23913043478261,26.434782608695652
20181219,54.23913043478261,31.47826086956522
20181220,58.630434782608695,36.608695652173914
20181221,76.30434782608695,47.56521739130435
20181222,86.8913043478261,61.45652173913044
20181223,52.0,28.434782608695652
20181224,23.217391304347824,11.695652173913043
20181225,34.02173913043478,21.130434782608695
20181226,50.93478260869565,25.434782608695652
20181227,26.67391304347826,8.043478260869565
20181228,35.69565217391305,12.565217391304348
20181229,37.71739130434783,8.978260869565217
20181230,32.130434782608695,16.391304347826086
20181231,46.73913043478261,28.652173913043477
20190101,38.76086956521739,25.282608695652176
20190102,33.869565217391305,20.97826086956522
20190103,39.08695652173913,22.543478260869566
20190104,58.32608695652174,38.80434782608695
20190105,64.54347826086956,40.869565217391305
20190106,50.76086956521739,22.847826086956523
20190107,54.82608695652174,34.65217391304348
20190108,41.56521739130435,18.891304347826086
20190109,50.369565217391305,20.543478260869566
20190110,56.97826086956522,32.19565217391305
20190111,76.78260869565217,53.80434782608695
20190112,93.93478260869566,67.3695652173913
20190113,109.19565217391305,77.28260869565217
20190114,161.52173913043478,125.34782608695652
20190115,137.34782608695653,89.0
20190116,47.71739130434783,17.108695652173914
20190117,44.130434782608695,22.26086956521739
20190118,56.5,34.06521739130435
20190119,93.04347826086956,64.32608695652173
20190120,67.91304347826087,34.369565217391305
20190121,43.108695652173914,21.108695652173914
20190122,65.47826086956522,30.73913043478261
20190123,76.52173913043478,46.869565217391305
20190124,42.82608695652174,20.76086956521739
20190125,48.30434782608695,21.543478260869566
20190126,42.23913043478261,19.152173913043477
20190127,37.80434782608695,20.652173913043477
20190128,84.8913043478261,24.652173913043477
20190129,69.6086956521739,21.97826086956522
20190130,63.04347826086956,32.19565217391305
20190131,74.1304347826087,21.08695652173913
20190201,39.23913043478261,16.847826086956523
20190202,57.69565217391305,33.82608695652174
20190203,36.608695652173914,27.804347826086957
20190204,73.28260869565217,36.15217391304348
20190205,85.02173913043478,27.065217391304348
20190206,95.58695652173913,33.69565217391305
20190207,62.369565217391305,32.130434782608695
20190208,31.108695652173914,15.717391304347826
20190209,34.68888888888889,16.22222222222222
20190210,41.77777777777778,22.355555555555554
20190211,38.888888888888886,22.26086956521739
20190212,58.91304347826087,37.630434782608695
20190213,39.19565217391305,20.67391304347826
20190214,52.02173913043478,25.652173913043477
20190215,39.43478260869565,27.52173913043478
20190216,60.130434782608695,48.56521739130435
20190217,36.23913043478261,25.195652173913043
20190218,42.80434782608695,26.217391304347824
20190219,42.71739130434783,33.32608695652174
20190220,58.02173913043478,48.32608695652174
20190221,78.23913043478261,63.891304347826086
20190222,73.3913043478261,56.17391304347826
20190223,55.69565217391305,38.95652173913044
20190224,60.23913043478261,45.78260869565217
20190225,84.04347826086956,62.67391304347826
20190226,53.34782608695652,27.108695652173914
20190227,70.76086956521739,45.17391304347826
20190228,89.04347826086956,59.391304347826086
20190301,118.58695652173913,83.3695652173913
20190302,121.08695652173913,84.32608695652173
20190303,100.95652173913044,70.93478260869566
20190304,166.52173913043478,116.17391304347827
20190305,188.82608695652175,139.1304347826087
20190306,145.02173913043478,103.78260869565217
20190307,58.630434782608695,41.30434782608695
20190308,52.130434782608695,28.32608695652174
20190314,42.06521739130435,18.956521739130434
20190315,69.91304347826087,39.630434782608695
20190318,40.130434782608695,22.608695652173914
20190319,64.1086956521739,38.869565217391305
20190320,97.46666666666667,70.02222222222223
20190321,33.0,24.934782608695652
20190322,39.26086956521739,19.67391304347826
20190323,25.32608695652174,14.934782608695652
20190324,28.347826086956523,13.23913043478261
20190325,48.02173913043478,28.152173913043477
20190326,58.19565217391305,33.71739130434783
20190327,90.80434782608695,58.21739130434783
20190328,85.58695652173913,52.19565217391305
20190329,40.19565217391305,19.304347826086957
20190330,35.15217391304348,23.195652173913043
20190331,43.65217391304348,26.130434782608695
20190401,25.32608695652174,12.108695652173912
20190402,32.78260869565217,16.77777777777778
20190403,39.84782608695652,22.32608695652174
20190404,36.869565217391305,19.91304347826087
20190405,79.30434782608695,24.17391304347826
20190406,64.45652173913044,20.108695652173914
20190407,38.19565217391305,16.217391304347824
20190408,38.21739130434783,12.521739130434783
20190409,27.5,10.630434782608695
20190410,8.26086956521739,4.891304347826087
20190411,28.347826086956523,16.695652173913043
20190412,51.04347826086956,30.76086956521739
20190413,49.5,31.5
20190414,39.23913043478261,21.17391304347826
20190415,52.91304347826087,16.565217391304348
20190416,49.23913043478261,22.17391304347826
20190417,43.21739130434783,20.108695652173914
20190418,38.608695652173914,22.065217391304348
20190419,44.630434782608695,22.391304347826086
20190420,45.869565217391305,23.782608695652176
20190421,33.45652173913044,24.195652173913043
20190422,90.71739130434783,38.56521739130435
20190423,95.76086956521739,44.65217391304348
20190424,59.04347826086956,40.93478260869565
20190425,41.82608695652174,18.91304347826087
20190426,10.565217391304348,6.434782608695652
20190427,18.97826086956522,10.26086956521739
20190428,19.97826086956522,12.804347826086957
20190429,25.304347826086957,15.652173913043478
20190430,35.95652173913044,21.73913043478261
20190501,61.5,27.434782608695652
20190502,58.21739130434783,15.76086956521739
20190503,60.84782608695652,28.543478260869566
20190504,93.04347826086956,57.67391304347826
20190505,66.8695652173913,41.95652173913044
20190506,34.73913043478261,10.08695652173913
20190507,49.71739130434783,17.608695652173914
20190508,52.891304347826086,22.73913043478261
20190509,49.95652173913044,24.652173913043477
20190510,63.73913043478261,34.73913043478261
20190511,68.58695652173913,37.54347826086956
20190512,58.41304347826087,36.76086956521739
20190513,59.06521739130435,36.369565217391305
20190514,46.41304347826087,32.02173913043478
20190515,70.19565217391305,45.891304347826086
20190516,69.65217391304348,44.71739130434783
20190517,57.67391304347826,39.28260869565217
20190518,32.41304347826087,17.82608695652174
20190519,14.282608695652174,10.108695652173912
20190520,39.130434782608695,12.434782608695652
20190521,52.97826086956522,18.195652173913043
20190522,57.80434782608695,27.58695652173913
20190523,75.23913043478261,42.73913043478261
20190524,85.0,51.80434782608695
20190525,86.21739130434783,56.78260869565217
20190526,40.71739130434783,23.717391304347824
20190527,23.695652173913043,14.652173913043478
20190528,23.5,8.304347826086957
20190529,49.97826086956522,23.82608695652174
20190530,48.02,25.3
20190531,21.86,11.18
20190601,36.34,25.08
20190602,38.94,23.8
20190603,40.92,22.3
20190604,30.6,19.46
20190605,53.97959183673469,37.04081632653061
20190606,62.723404255319146,42.829787234042556
20190607,13.48936170212766,8.595744680851064
20190608,26.085106382978722,15.595744680851064
20190609,39.91489361702128,30.595744680851062
20190610,11.48936170212766,6.23404255319149
20190611,13.53191489361702,6.914893617021277
20190612,32.680851063829785,17.893617021276597
20190613,31.818181818181817,20.022727272727273
20190614,35.06818181818182,23.34090909090909
20190615,37.11363636363637,21.477272727272727
20190616,17.045454545454547,10.818181818181818
20190617,25.227272727272727,15.727272727272727
20190618,33.02272727272727,22.568181818181817
20190619,34.04545454545455,25.386363636363637
20190620,29.363636363636363,20.545454545454547
20190621,28.65909090909091,19.454545454545453
20190622,12.840909090909092,6.75
20190623,12.590909090909092,7.295454545454546
20190624,22.681818181818183,12.954545454545455
20190625,33.34090909090909,21.545454545454547
20190626,35.58139534883721,23.41860465116279
20190627,21.022727272727273,13.886363636363637
20190628,41.61363636363637,32.11363636363637
20190629,25.636363636363637,19.045454545454547
20190630,32.56818181818182,24.727272727272727
20190701,35.13636363636363,24.954545454545453
20190702,30.88372093023256,21.88372093023256
20190703,33.395348837209305,24.511627906976745
20190704,32.06976744186046,20.74418604651163
20190705,36.04651162790697,22.3953488372093
20190706,31.74418604651163,21.558139534883722
20190707,18.372093023255815,11.904761904761905
20190708,10.720930232558139,5.488372093023256
20190709,11.55813953488372,6.186046511627907
20190710,11.069767441860465,5.8604651162790695
20190711,8.069767441860465,3.604651162790698
20190712,14.414634146341463,8.463414634146341
20190713,31.878048780487806,24.75609756097561
20190714,44.073170731707314,36.68292682926829
20190715,41.88636363636363,32.5
20190716,33.15555555555556,24.11111111111111
20190717,61.34090909090909,47.06666666666667
20190718,67.37777777777778,53.355555555555554
20190719,34.4,24.866666666666667
20190720,9.5,4.795454545454546
20190721,16.068181818181817,9.568181818181818
20190722,46.916666666666664,32.104166666666664
20190723,28.1875,17.541666666666668
20190724,24.479166666666668,14.979166666666666
20190725,25.97872340425532,17.0
20190726,18.617021276595743,12.72340425531915
20190727,19.29787234042553,13.042553191489361
20190728,14.851063829787234,9.326086956521738
20190729,15.645833333333334,7.8125
20190730,19.5,10.375
20190731,17.145833333333332,9.0625
20190801,13.816326530612244,8.122448979591837
20190802,20.14,13.96
20190803,21.86,13.42
20190804,29.408163265306122,20.73469387755102
20190805,40.68,30.1
20190806,30.84,21.6
20190807,20.58,12.18
20190808,42.5,31.14
20190809,28.9,18.72
20190810,22.76,13.54
20190811,18.76,11.06
20190812,18.24,12.92
20190813,25.26,14.94
20190814,20.76,12.26
20190815,9.16,4.92
20190816,17.86,8.98
20190817,32.7,20.34
20190818,25.489795918367346,14.0
20190819,26.08,15.88
20190820,30.8,20.24
20190821,32.22,21.88
20190822,39.02040816326531,26.489795918367346
20190823,33.224489795918366,19.387755102040817
20190824,24.448979591836736,11.979591836734693
20190825,21.166666666666668,13.0
20190826,26.693877551020407,16.387755102040817
20190827,27.53061224489796,18.244897959183675
20190828,31.081632653061224,19.73469387755102
20190829,29.448979591836736,20.387755102040817
20190830,20.816326530612244,10.0
20190831,19.382978723404257,10.53191489361702
20190901,20.80851063829787,12.76595744680851
20190902,27.106382978723403,14.829787234042554
20190903,24.638297872340427,14.191489361702128
20190904,9.0,4.533333333333333
20190905,10.644444444444444,5.5777777777777775
20190906,15.866666666666667,8.11111111111111
20190909,37.04255319148936,24.851063829787233
20190910,14.106382978723405,8.829787234042554
20190911,9.0,4.8125
20190912,12.666666666666666,5.208333333333333
20190913,14.375,6.041666666666667
20190914,18.833333333333332,10.583333333333334
20190915,16.416666666666668,10.479166666666666
20190916,13.833333333333334,5.979166666666667
20190917,20.02127659574468,9.042553191489361
20190918,33.829787234042556,12.340425531914894
20190919,29.95744680851064,10.340425531914894
20190920,25.229166666666668,10.354166666666666
20190921,16.977272727272727,7.681818181818182
20190922,6.954545454545454,3.8181818181818183
20190923,14.41304347826087,6.065217391304348
20190924,24.695652173913043,11.91304347826087
20190925,31.02173913043478,16.52173913043478
20190926,27.869565217391305,15.891304347826088
20190927,22.91304347826087,11.717391304347826
20190928,28.82608695652174,17.304347826086957
20190929,38.34782608695652,25.17391304347826
20190930,52.23913043478261,33.47826086956522
20191001,48.34782608695652,32.0
20191002,24.717391304347824,16.717391304347824
20191003,9.173913043478262,4.5
20191004,26.652173913043477,16.26086956521739
20191005,43.43478260869565,24.065217391304348
20191006,12.08695652173913,5.021739130434782
20191007,11.326086956521738,6.326086956521739
20191008,23.82608695652174,10.5
20191009,24.608695652173914,9.434782608695652
20191010,30.47826086956522,14.282608695652174
20191011,36.977777777777774,20.152173913043477
20191012,25.630434782608695,11.76086956521739
20191013,19.42222222222222,8.71111111111111
20191014,34.93478260869565,16.130434782608695
20191015,21.133333333333333,8.355555555555556
20191016,27.97826086956522,14.369565217391305
20191017,30.82608695652174,16.57777777777778
20191018,18.717391304347824,9.533333333333333
20191019,21.727272727272727,10.255813953488373
20191020,37.70454545454545,23.09090909090909
20191021,41.90909090909091,24.636363636363637
20191022,40.47826086956522,24.608695652173914
20191023,24.5,14.152173913043478
20191024,31.085106382978722,17.04255319148936
20191025,25.395833333333332,11.666666666666666
20191026,23.625,12.791666666666666
20191027,25.0625,13.791666666666666
20191028,30.875,18.229166666666668
20191029,104.25,19.4375
20191030,26.125,10.6875
20191031,74.08333333333333,23.145833333333332
20191101,96.20833333333333,34.291666666666664
20191102,73.89583333333333,36.8125
20191103,58.25,34.25
20191104,15.020833333333334,7.125
20191105,34.875,19.395833333333332
20191106,51.0,30.291666666666668
20191107,50.145833333333336,23.229166666666668
20191108,44.041666666666664,16.854166666666668
20191109,44.25,20.979166666666668
20191110,42.46808510638298,26.0625
20191111,25.041666666666668,13.9375
20191112,40.25,20.979166666666668
20191113,36.083333333333336,21.145833333333332
20191114,19.3125,6.020833333333333
20191115,23.291666666666668,12.958333333333334
20191116,32.604651162790695,20.6
20191117,27.34090909090909,15.311111111111112
20191118,80.17777777777778,12.466666666666667
20191119,30.8,8.822222222222223
20191120,23.31111111111111,10.222222222222221
20191121,38.22222222222222,17.488888888888887
20191122,45.75555555555555,20.866666666666667
20191123,34.75,17.444444444444443
20191124,31.244444444444444,19.42222222222222
20191125,27.044444444444444,14.466666666666667
20191126,26.318181818181817,15.477272727272727
20191127,39.26086956521739,21.391304347826086
20191128,38.06521739130435,19.361702127659573
20191129,45.4375,22.6875
20191130,46.319148936170215,27.70212765957447
20191201,40.340425531914896,28.02127659574468
20191202,23.361702127659573,12.617021276595745
20191203,28.829787234042552,16.04255319148936
20191204,29.93617021276596,15.46808510638298
20191205,21.829787234042552,10.553191489361701
20191206,31.4468085106383,15.46808510638298
20191207,46.19565217391305,29.391304347826086
20191208,54.71739130434783,39.91304347826087
20191209,62.8936170212766,44.702127659574465
20191210,96.72340425531915,69.42553191489361
20191211,80.06382978723404,53.659574468085104
20191212,21.177777777777777,13.977777777777778
20191213,29.377777777777776,16.733333333333334
20191214,39.55555555555556,25.733333333333334
20191215,36.888888888888886,24.954545454545453
20191216,39.30434782608695,23.47826086956522
20191217,28.229166666666668,18.875
20191218,38.319148936170215,26.106382978723403
20191219,25.854166666666668,15.583333333333334
20191220,29.416666666666668,20.125
20191221,34.979166666666664,22.395833333333332
20191222,58.291666666666664,42.3125
20191223,49.583333333333336,38.0
20191224,69.9375,51.5
20191225,51.8936170212766,37.57446808510638
20191226,49.65217391304348,33.73913043478261
20191227,34.608695652173914,23.065217391304348
20191228,43.333333333333336,24.42222222222222
20191229,45.84444444444444,26.666666666666668
20191230,36.86363636363637,25.34090909090909
20191231,25.244444444444444,14.866666666666667
20200728,13.44,5.76
20200729,11.12,5.52
20200730,20.72,12.38
20200731,24.54,15.64
20200801,15.92,8.42
20200802,11.56,5.74
20200803,14.76,9.02
20200804,37.64,24.98
20200805,35.0,22.3
20200806,15.7,7.48
20200807,28.56,17.7
20200808,14.92,7.66
20200809,10.18,5.04
20200810,13.34,5.78
20200811,10.5,5.82
20200812,23.82,13.22
20200813,26.4,12.34
20200814,31.66,17.68
20200815,37.4,26.68
20200816,22.38,13.32
20200817,24.98,16.4
20200818,33.5,22.44
20200819,42.96,29.62
20200820,38.36,27.16
20200821,29.94,20.62
20200822,18.16,10.3
20200823,13.8,7.92
20200824,23.693877551020407,15.56
20200825,32.76,23.32
20200826,24.86,16.28
20200827,20.46,11.52
20200828,23.14,15.3
20200829,16.666666666666668,9.958333333333334
20200830,15.0,9.75
20200831,10.125,3.5208333333333335
20200901,16.583333333333332,7.1875
20200902,14.041666666666666,7.583333333333333
20200903,13.5625,5.75
20200904,22.583333333333332,10.604166666666666
20200905,30.956521739130434,18.804347826086957
20200906,22.456521739130434,14.695652173913043
20200907,5.173913043478261,2.652173913043478
20200908,23.02173913043478,10.847826086956522
20200909,28.08695652173913,18.347826086956523
20200910,27.195652173913043,17.347826086956523
20200911,26.804347826086957,16.630434782608695
20200912,10.41304347826087,6.0
20200913,8.08695652173913,3.282608695652174
20200914,21.67391304347826,12.304347826086957
20200915,34.5,22.41304347826087
20200916,25.717391304347824,17.217391304347824
20200917,22.304347826086957,9.108695652173912
20200918,21.76086956521739,7.413043478260869
20200919,19.347826086956523,8.565217391304348
20200920,17.466666666666665,9.152173913043478
20200921,23.155555555555555,12.173913043478262
20200922,14.977777777777778,7.739130434782608
20200923,9.044444444444444,3.4565217391304346
20200924,9.177777777777777,3.152173913043478
20200925,12.6,5.0
20200926,14.688888888888888,6.0
20200927,13.244444444444444,6.413043478260869
20200928,22.52173913043478,11.304347826086957
20200929,30.934782608695652,16.717391304347824
20200930,30.934782608695652,19.08695652173913
20201001,17.17391304347826,10.521739130434783
20201002,22.76086956521739,14.282608695652174
20201003,34.19565217391305,19.5
20201004,25.108695652173914,13.26086956521739
20201005,22.543478260869566,8.195652173913043
20201006,21.386363636363637,10.0
20201007,21.363636363636363,9.818181818181818
20201008,13.886363636363637,6.545454545454546
20201009,15.767441860465116,7.255813953488372
20201010,17.813953488372093,8.744186046511627
20201011,20.53488372093023,11.232558139534884
20201012,35.674418604651166,19.325581395348838
20201013,25.804878048780488,10.268292682926829
20201014,32.87179487179487,12.871794871794872
20201015,32.425,11.525
20201016,36.775,17.575
20201017,30.15,17.35
20201018,27.75,15.25
20201019,57.575,33.15
20201020,64.66666666666667,39.87179487179487
20201021,44.256410256410255,25.564102564102566
20201022,77.7948717948718,37.794871794871796
20201023,26.487179487179485,9.256410256410257
20201024,26.307692307692307,10.179487179487179
20201025,29.256410256410255,15.179487179487179
20201026,51.97435897435897,28.666666666666668
20201027,77.48717948717949,49.05128205128205
20201028,49.94736842105263,26.81578947368421
20201029,37.39473684210526,14.789473684210526
20201030,43.51282051282051,19.23076923076923
20201031,29.17948717948718,14.41025641025641
20201101,38.53846153846154,23.71794871794872
20201102,46.146341463414636,17.121951219512194
20201103,22.38095238095238,7.333333333333333
20201104,29.86046511627907,9.69767441860465
20201105,37.40909090909091,16.954545454545453
20201106,46.65909090909091,26.59090909090909
20201107,85.81818181818181,40.45454545454545
20201108,61.06818181818182,15.568181818181818
20201109,27.25,8.227272727272727
20201110,27.545454545454547,10.818181818181818
20201111,41.40909090909091,20.045454545454547
20201112,64.88888888888889,40.422222222222224
20201113,74.57777777777778,49.31111111111111
20201114,70.2,46.54545454545455
20201115,73.4,52.68181818181818
20201116,70.37777777777778,46.40909090909091
20201117,61.869565217391305,40.733333333333334
20201118,39.891304347826086,27.955555555555556
20201119,16.565217391304348,9.177777777777777
20201120,22.065217391304348,13.022222222222222
20201121,27.152173913043477,17.8
20201122,25.82608695652174,18.666666666666668
20201123,25.26086956521739,15.022222222222222
20201124,26.804347826086957,15.222222222222221
20201125,37.78260869565217,23.0
20201126,58.108695652173914,38.0
20201127,43.21739130434783,27.711111111111112
20201128,22.630434782608695,12.71111111111111
20201129,25.195652173913043,14.511111111111111
20201130,27.347826086956523,16.022222222222222
20201201,32.65217391304348,18.57777777777778
20201202,34.0,17.958333333333332
20201203,26.34,14.551020408163266
20201204,31.8,17.693877551020407
20201205,36.9,22.408163265306122
20201206,44.08163265306123,31.06122448979592
20201207,56.32,39.7
20201208,23.92,13.24
20201209,39.52,23.3
20201210,61.7,43.06
20201211,102.7,74.92
20201212,55.12,34.62
20201213,35.94,24.42
20201214,21.96,10.26
20201215,18.44,8.96
20201216,21.92,11.4
20201217,28.78,16.7
20201218,34.02,22.2
20201219,26.28,11.98
20201220,25.24,14.92
20201221,38.98,26.96
20201222,50.3,37.5
20201223,67.22,50.86
20201224,63.34,39.92
20201225,27.76,14.38
20201226,55.12,30.94
20201227,65.0,41.62
20201228,61.58,43.64
20201229,67.52,48.06
20201230,33.6,12.56
20201231,26.06,11.08
20210101,24.9,15.86
20210102,29.96,10.84
20210103,35.4,13.16
20210104,37.72,21.36
20210105,27.38,15.18
20210106,24.6,12.62
20210107,31.06,10.78
20210108,18.34,9.64
20210109,25.2,14.54
20210110,31.387755102040817,21.714285714285715
20210111,44.28,31.1
20210112,57.38775510204081,45.62
20210113,95.18367346938776,44.78
20210114,75.0,28.94
20210115,74.24,33.16
20210116,53.38,36.66
20210117,18.98,12.44
20210118,36.14,18.22
20210119,31.38,14.32
20210120,44.58,24.38
20210121,47.1,30.08
20210122,37.714285714285715,31.224489795918366
20210123,11.714285714285714,8.73469387755102
20210124,11.83673469387755,8.591836734693878
20210125,22.98,15.34
20210126,37.5,27.6
20210127,38.9,18.32
20210128,33.58,16.12
20210129,23.020408163265305,9.22
20210130,46.87755102040816,22.08
20210131,52.244897959183675,27.44
20210201,67.56,38.52
20210202,31.5,16.42
20210203,31.78,18.24
20210204,24.34,14.82
20210205,26.44,15.84
20210206,60.10204081632653,39.91836734693877
20210207,82.46938775510205,55.61224489795919
20210208,26.32,15.5
20210209,23.66,14.34
20210210,33.52,22.4
20210211,66.4,49.12
20210212,83.22,64.02
20210213,91.24,70.38
20210214,86.98,67.3
20210215,54.16,38.54
20210216,21.26,12.18
20210217,40.32,10.38
20210218,41.8,13.58
20210219,43.24,23.24
20210220,68.7,38.96
20210221,72.08,45.12
20210222,56.64,28.72
20210223,51.38,13.96
20210224,51.34,21.26
20210225,55.9,30.98
20210226,37.64,20.96
20210227,17.18,9.06
20210228,22.26,12.48
20210301,15.62,10.02
20210302,9.5,5.12
20210303,37.94,22.32
20210304,43.76,26.84
20210305,38.74,23.42
20210306,30.18,18.22
20210307,21.82,13.3
20210308,43.42,26.7
20210309,46.46,28.48
20210310,91.94,66.34
20210311,119.08,88.68
20210312,68.3,47.52
20210313,54.18,35.88
20210314,77.0,58.72
20210315,83.36,62.6
20210316,88.26,16.53061224489796
20210317,96.66,18.22
20210318,98.42,40.46
20210319,72.58,28.96
20210320,28.78,13.0
20210321,42.57142857142857,31.448979591836736
20210322,38.08,15.7
20210323,78.12,29.68
20210324,62.78,27.53061224489796
20210325,65.48,31.18
20210326,106.2,68.74
20210327,62.32,35.6
20210328,16.8,12.16
20210329,289.94,52.3
20210330,136.86,28.24
20210331,42.54,17.4
20210401,43.06,13.56
20210402,45.98,12.88
20210403,33.3,13.4
20210404,9.14,4.36
20210405,20.58,9.76
20210406,40.9,22.08
20210407,55.06,33.36
20210408,33.66,14.2
20210409,33.7,15.82
20210410,32.96,17.82
20210411,43.98,24.16
20210412,38.38,20.74
20210413,14.24,7.42
20210414,26.66,13.38
20210415,47.46,23.98
20210416,71.9,18.48
20210417,83.86,16.88
20210418,30.3,12.204081632653061
20210419,49.56,22.58
20210420,70.36,35.66
20210421,76.22,37.04
20210422,74.18,37.54
20210423,44.58,21.2
20210424,23.0,10.6
20210425,24.94,12.14
20210426,28.28,12.4
20210427,31.56,14.8
20210428,62.94,24.92
20210429,68.32,21.68
20210430,34.86,16.72
20210501,25.74,13.98
20210502,14.64,6.3
20210503,33.1,18.46
20210504,29.64,17.26
20210505,43.04,11.0
20210506,71.22,17.2
20210507,315.64,67.78
20210508,457.68,86.24
20210509,50.42,10.58
20210510,22.0,9.5
20210511,20.64,8.78
20210512,21.68,9.74
20210513,45.3,24.12
20210514,54.26,30.16
20210515,52.28,34.96
20210516,6.92,3.76
20210517,17.16,4.4
20210518,29.4,14.88
20210519,33.74,18.76
20210520,25.74,12.22
20210521,12.86,6.64
20210522,25.82,14.32
20210523,34.26,22.16
20210524,120.1,32.38
20210525,100.54,27.8
20210526,45.6,15.58
20210527,40.28,17.9
20210528,40.28,22.08
20210529,21.14,10.88
20210530,25.86,12.52
20210531,35.26,18.48
20210601,38.34,21.7
20210602,52.16,29.92
20210603,32.8,18.14
20210604,26.4,11.36
20210605,44.54,21.98
20210606,63.68,35.96
20210607,38.04,16.7
20210608,41.82,23.32
20210609,41.5,23.14
20210610,56.08,34.78
20210611,19.64,12.24
20210612,21.08,11.88
20210613,31.12,19.24
20210614,40.26,24.58
20210615,27.9,16.92
20210616,11.24,4.32
20210617,16.78,7.42
20210618,15.7,9.64
20210619,43.78,27.26
20210620,50.48979591836735,30.857142857142858
20210621,42.3,25.04
20210622,25.14,13.6
20210623,19.2,10.74
20210624,31.1,18.5
20210625,40.68,25.96
20210626,21.74,13.62
20210627,19.0,11.7
20210628,24.48,14.72
20210629,30.0,19.06
20210630,36.76,24.18
20210701,36.3,24.04
20210702,25.76,16.0
20210703,13.58,7.3
20210704,7.88,4.22
20210705,20.48,10.86
20210706,42.1,25.66
20210707,31.46,19.82
20210708,22.88,14.0
20210709,17.04,9.32
20210710,25.06,17.04
20210711,31.0,20.34
20210712,30.18,19.62
20210713,32.56,19.64
20210714,22.44,11.76
20210715,20.1,10.36
20210716,19.54,10.36
20210717,15.78,8.28
20210718,12.38,6.78
20210719,13.66,7.18
20210720,19.04,10.34
20210721,21.58,12.24
20210722,23.3,13.54
20210723,28.06,18.16
20210724,27.02,17.72
20210725,20.76,13.7
20210726,20.74,12.76
20210727,26.62,16.52
20210728,25.92,16.92
